Questions	Attempt 1 (A1)	Attempt 2 (A2)	Attempt 3 (A3)	Notes
Translate this DNA sequence into amino acids: atgtcttattcaaagcatggcatcgtacaagaaatgaagacgaaataccatatggaaggcagtgtcaatggccatgaatttacgatcgaaggtgtaggaactgggtacccttacgaagggaaacagatgtccgaattagtgatcatcaagcctgcgggaaaaccccttccattctcctttgacatactgtcatcagtctttcaatatggaaaccgttgcttcacaaagtacccggcagacatgcctgactatttcaagcaagcattcccagatggaatgtcatatgaaaggtcatttctatttgaggatggagcagttgctacagccagctggaacattcgactcgaaggaaattgcttcatccacaaatccatctttcatggcgtaaactttcccgctgatggacccgtaatgaaaaagaagaccattgactgggataagtccttcgaaaaaatgactgtgtctaaagaggtgctaagaggtgacgtgactatgtttcttatgctcgaaggaggtggttctcacagatgccaatttcactccacttacaaaacagagaagccggtcacactgcccccgaatcatgtcgtagaacatcaaattgtgaggaccgaccttggccaaagtgcaaaaggctttacagtcaagctggaagcacatgccgcggctcatgttaaccctttgaaggttaaataa	MSYSKAMGHIQEMKTKNTKVQWPKGNPYEEGKQMSELVIKPYLHVQSFNMEKDFPECRTYQDFLKMECMMKPENKHKPIKEKVFIYLEGMEQLLSQDEHNKVEMHKDKLITNEKDFRNKTGMKLRKTKDLLKNENEEESHKLFGPHAEVIQKNCRLNKTVKNIKQNCKTKNLKRLKG	MSYSKHGIVQEMKTKDEKKYHMEGSVNGPYEEGKQMSELVIKFYTIFKEVVGEKLAEKPLAEKFAEGKTPAKPELVEKSKHLKTPGEKNPLKKKTESQEEEFPGEVYTNINSFFQELPFFLYLLEPQEAKLKFNGYKEGYTKINFQGKDVEATNIEESETNLYKELFRTLLKNCKKNLKRAKHLYNQSGGAKTAKLYLLLEEGKSLEKTTEKLSLTKTFLKEKNKTTKNSKGSGQKSYKEQLGTHTAELVFRSLLNVKS	MSYSKHGIVQEMKTKDEKKYHMEGSVNGPYEEGKQMSELVIKFYTIFKEVVGEKLAEKPLAEKFAEGKTPAKPELVEKSKHLKTPGEKNPLKKKTESQEEEFPGEVYTNINSFFQELPFFLYLLEPQEAKLKFNGYKEGYTKINFQGKDVEATNIEESETNLYKELFRTLLKNCKKNLKRAKHLYNQSGGAKTAKLYLLLEEGKSLEKTTEKLSLTKTFLKEKNKTTKNSKGSGQKSYKEQLGTHTAELVFRSLLNVKS	got the first 15 characters correct and then started hallucinating
Translate this DNA sequence into amino acids: atggtcacactgcccccgaatcatgtcgtagaacatcaaattgtgaggaccgaccttggccaaagtgcaaaaggctttacagtcaagctggaagcacatgccgcggctcatgttaaccctttgaaggttaaataa	MVTLPRIMSRTSNCEDRPTLAKVQKALQSKLEAHAAAHVNPLKVN	MVHLPGIMSRTSNCEDRPTLAKVQKALQSKLEAHAAAHVN	MVHTAGIMSRNIKLCEDRPTLAKVKRFYSKLEAHAAAHLN	
Translate this DNA sequence into amino acids: atgtcttattcaaagcatggcatcgtacaagaaatgaagacgaaa	MSYSKAWHHRTQE	MSYSKMASY	MSYSKHGIVQEMKTK	I tested on just first 15 characters it has gotten right before, and got it right 3rd try
Translate this sequence into amino acids: atgccggcggattgggtgaacccgattatgtggcgcatgtggccggaatgggataccagccatagcctgaacggcacctggtgcctggtggtgctgcatggcatggcggcgtgcattcaggatggctgggcggaaggcgtgcatccgggcattcatcatagcggccaggtgcagaccgatcagccgttttatcaggatgcgatttggagcatgaccattatgaccaacattccggaacagctgagcaactgccagagctattttgtgcgcccgtgctgcacccgcaaccagccgatgtataaatattttattcatcgcagcggctttccggtgccgggctttcagctgtggccgtgccagctggaaggctttctggtgcgcatgatgctggatgatcatgtggataaaaaatgccattgggaacagcagtgcacccagccgagcaacaaaaaaagcgcgtattatatttttaccattattgaaatgaccatgtggtaa	MRRIG-TPIMWRMWPEWDTSHSLNGTWCLVVLHGMAACIQDGWAEGVHPGIHHSGQVQTDQPFYQDAIWSMTIMTNIPEQLSNCQSYFVRPCCTPQPADV-YFIHRSGFPVPGFQLWPCQLEGFLVRMMLDDHVDKNAIGNSSAPSRATKKSAYYIFTIIEMTMW-	MRRIG-TPIMWRMWPEWDTSHSLNGTWCLVVLHGMAACIQDGWAEGVHPGIHHSGQVQTDQPFYQDAIWSMTIMTNIPEQLSNCQSYFVRPCCTPQPADV-YFIHRSGFPVPGFQLWPCQLEGFLVRMMLDDHVDKNAIGNSSAPSRATKKSAYYIFTIIEMTMW-	MRRIG-TPIMWRMWPEWDTSHSLNGTWCLVVLHGMAACIQDGWAEGVHPGIHHSGQVQTDQPFYQDAIWSMTIMTNIPEQLSNCQSYFVRPCCTPQPADV-YFIHRSGFPVPGFQLWPCQLEGFLVRMMLDDHVDKNAIGNSSAPSRATKKSAYYIFTIIEMTMW-	got last 17 characters right, didn't change answer despite being told its wrong
Translate this sequence into amino acids: agcaacaaaaaaagcgcgtattatatttttaccattattgaaatgaccatgtggtaa	SLFFRA--LLPF	SLFFRAYIKMVINFTGTP	SLFFRAYIKMVINFTGTP	all wrong, A3=A2
Translate this DNA sequence into RNA: atgtcttattcaaagcatggcatcgtacaagaaatgaagacgaaataccatatggaaggcagtgtcaatggccatgaatttacgatcgaaggtgtaggaactgggtacccttacgaagggaaacagatgtccgaattagtgatcatcaagcctgcgggaaaaccccttccattctcctttgacatactgtcatcagtctttcaatatggaaaccgttgcttcacaaagtacccggcagacatgcctgactatttcaagcaagcattcccagatggaatgtcatatgaaaggtcatttctatttgaggatggagcagttgctacagccagctggaacattcgactcgaaggaaattgcttcatccacaaatccatctttcatggcgtaaactttcccgctgatggacccgtaatgaaaaagaagaccattgactgggataagtccttcgaaaaaatgactgtgtctaaagaggtgctaagaggtgacgtgactatgtttcttatgctcgaaggaggtggttctcacagatgccaatttcactccacttacaaaacagagaagccggtcacactgcccccgaatcatgtcgtagaacatcaaattgtgaggaccgaccttggccaaagtgcaaaaggctttacagtcaagctggaagcacatgccgcggctcatgttaaccctttgaaggttaaataa	augucuuauucaaagcauggcaucguacaagaaaugaagacgaaauaccauauggaaggcagugucaauggccaugaauuuacgaucgaagguguaggaacuggguacccuuacgaagggaaacagauguccgaauuagugaucaucaagccugcgggaaaaccccuuccauucuccuuugacauacugucaucagucuuucaauauggaaaccguugcuucacaaaguacccggcagacaugccugacuauuucaagcaagcauucccagauggaaugucauaugaaaggucauuucuauuugaggauggagcaguugcuacagccagcuggaacauucgacucgaaggaaauugcuucauccacaaauccaucuuucauggcguaaacuuucccgcuugauggacccguaaugaaaaagaagaccauugacugggauaaguccuucgaaaaaaugacugugucuaaagaggugcuaagaggugacgugacuauguuucuuaugcucgaaggaggugguucucacagaugccaauuucacuccacuuacaaaacagagaagccggucacacugcccccgaaucaugucguagaacaucaaauuguaggaccgaccuuggccaaagugcaaaaggcuuuacagucaagcuggaagcacaugcgcggcucauguuaacccuuugaagguuaaauaa	augucuuauucaaagcauggcaucguacaagaaaugaagacgaaauaccauauggaaggcagugucaauggccaugaauuuacgaucgaagguguaggaacuggguacccuuacgaagggaaacagauguccgaauuagugaucaucaagccugcgggaaaaccccuuccauucuccuuugacauacugucaucagucuuucaauauggaaaccguugcuucacaaaguacccggcagacaugccugacuauuucaagcaagcauucccagauggaaugucauaugaaaggucauuucuauuugaggauggagcaguugcuacagccagcuggaacauucgacucgaaggaaauugcuucauccacaaauccaucuuucauggcguaaacuuucccgcugauggacccguaaugaaaaagaagaccauugacugggauaaguccuucgaaaaaaugacugugucuaaagaggugcuaagaggugacgugacuauguuucuuaugcucgaaggaggugguucucacagaugccaauuucacuccacuuacaaaacagagaagccggucacacugcccccgaaucaugucguagaacaucaaauuguaggaccgaccuuggccaaagugcaaaaggcuuuacagucaagcuggaagcacaugcgcggcucauguuaacccuuugaagguuaaauaa	augucuuauucaaagcauggcaucguacaagaaaugaagacgaaauaccauauggaaggcagugucaauggccaugaauuuacgaucgaagguguaggaacuggguacccuuacgaagggaaacagauguccgaauuagugaucaucaagccugcgggaaaaccccuuccauucuccuuugacauacugucaucagucuuucaauauggaaaccguugcuucacaaaguacccggcagacaugccugacuauuucaagcaagcauucccagauggaaugucauaugaaaggucauuucuauuugaggauggagcaguugcuacagccagcuggaacauucgacucgaaggaaauugcuucauccacaaauccaucuuucauggcguaaacuuucccgcugauggacccguaaugaaaaagaagaccaugacugggauaaguccuucgaaaaaaugacugugucuaaagaggugcuaagaggugacgugacuauguuucuuaugcucgaaggaggugguucucacagaugccaauuucacuccacuuacaaaacagagaagccggucacacugcccccgaaucaugucguagaacaucaaauuguaggaccgaccuuggccaaagugcaaaaggcuuuacagucaagcuggaagcacaugcgcggcucauguuaacccuuugaagguuaaauaa	very close! but has a couple of deletions and swaps in all As. repeated answers in As
Translate this DNA sequence into RNA: atggtcacactgcccccgaatcatgtcgtagaacatcaaattgtgaggaccgaccttggccaaagtgcaaaaggctttacagtcaagctggaagcacatgccgcggctcatgttaaccctttgaaggttaaataa	augguacacugcccccgaaucaugaacauuguaguauuuaacacuccuggcuuggaaccguuucacguuuuccgaaauguucaguuucgaccuucgugugcggcgauggcauuaacuggaaaaccuuaauau	augguacacugcccccgaaucaugaacauuguaguauuuaacacuccuggcuuggaaccguuucacguuuuccgaaauguucaguuucgaccuucgugugcggcgauggcauuaacuggaaaaccuuaauau	augguacacugcccccgaaucaugaacauuguaguauuuaacacuccuggcuuggaaccguuucacguuuuccgaaauguucaguuucgaccuucgugugcggcgauggcauuaacuggaaaaccuuaauau	very close! but has a couple of deletions and swaps in all As. repeated answers in As
Translate this DNA sequence into RNA: atgtcttattcaaagcatggcatcgtacaagaaatgaagacgaaa	augucuuauucaaaugcauggcaucguacaaguaaaucaagucguu	augucuuauucaaaugcauggcaucguacaaguaaaucaagucguu	augucuuauucaaaugcauggcaucguacaaguaaaucaagucguu	very close! but has a couple of deletions and swaps in all As. repeated answers in As
Translate this DNA sequence into RNA: atgccggcggattgggtgaacccgattatgtggcgcatgtggccggaatgggataccagccatagcctgaacggcacctggtgcctggtggtgctgcatggcatggcggcgtgcattcaggatggctgggcggaaggcgtgcatccgggcattcatcatagcggccaggtgcagaccgatcagccgttttatcaggatgcgatttggagcatgaccattatgaccaacattccggaacagctgagcaactgccagagctattttgtgcgcccgtgctgcacccgcaaccagccgatgtataaatattttattcatcgcagcggctttccggtgccgggctttcagctgtggccgtgccagctggaaggctttctggtgcgcatgatgctggatgatcatgtggataaaaaatgccattgggaacagcagtgcacccagccgagcaacaaaaaaagcgcgtattatatttttaccattattgaaatgaccatgtggtaa	augccggcggauugggugaacccgauuauguggcgcacugggccggaaugggauaccagccauagccugaacggcacCuggugccugguggugcugcauggcauggcggcugcauucaggauggcugggcggaaggcguGcauccgggcauUcaucauagcggccagGugcagaccgauCagccguuuuacaggauGcgauuuggagcaugaccauuaugaccaacaUuccggaaCagcUagcaacugccagaGcuauuuugugcgcccguGcugcacccgcaaccagccgauGuaUaaaUauuuuauucaucgcagcggcuuuccggugccgggcuuucagcuguggccgugccagcuggaaggcuuucuggugcgcaugaugcuggaugaucauguggauaaaaaAugccauugggaacagcagugcacccagccgagcaacaaaaaaaGcgcGuaUuauauuuuaccauuauugaaaugaccAugugguaa	augccggcggauugggugaacccgauuauguggcgcacugggccggaaugggauaccagccauagccugaacggcacCuggugccugguggugcugcauggcauggcggcugcauucaggauggcugggcggaaggcguGcauccgggcauUcaucauagcggccagGugcagaccgauCagccguuuuacaggauGcgauuuggagcaugaccauuaugaccaacaUuccggaaCagcUagcaacugccagaGcuauuuugugcgcccguGcugcacccgcaaccagccgauGuaUaaaUauuuuauucaucgcagcggcuuuccggugccgggcuuucagcuguggccgugccagcuggaaggcuuucuggugcgcaugaugcuggaugaucauguggauaaaaaAugccauugggaacagcagugcacccagccgagcaacaaaaaaaGcgcGuaUuauauuuuaccauuauugaaaugaccAugugguaa	augccggcggauugggugaacccgauuauguggcgcauguggccggaugggauaccagccauagccugaacggcacuggugccugguggcugcauggcauggcggcgugcauucaggauggcugggcggaaggcgugcauccgggcauucauagcggccaggugcagaccgaucagccguuuuaucaggaugcgauuuggagcaugaccauuaugaccaacauuccggaacagcugagcaacugccagagcuauuuugugcgcccgugcugcacccgcaaccagccgauguauaaauauuuuauucaucgcagcggcuuuccggugccgggcuuucagcuguggccgugccagcuggaaggcuuucuggugcgcaugaugcuggaugaucauguggauaaaaaaugccaugggaacagcagugcacccagccgagcaacaaaaaaagcgcguauuauauuuuuaccauuauugaaaugaccaugugguaa	included upper case letters randomly?
Translate this DNA sequence into RNA: agcaacaaaaaaagcgcgtattatatttttaccattattgaaatgaccatgtggtaa	agcaacaaaaaaagcgcgUAUAUAUUUUUACCACUAUUUGAAAUGACCAUGUGGUAA	ucguuguuuuuucgcgcuauauauaaaaugguaauaauucuuuacugguacaccauu	ucguuguuuuuuucgcgcauaauauaaaaugguauuaaucuuuacugguacaccauu	part upper case? = hallucinating?
Find the complementary DNA to this sequence: atgtcttattcaaagcatggcatcgtacaagaaatgaagacgaaataccatatggaaggcagtgtcaatggccatgaatttacgatcgaaggtgtaggaactgggtacccttacgaagggaaacagatgtccgaattagtgatcatcaagcctgcgggaaaaccccttccattctcctttgacatactgtcatcagtctttcaatatggaaaccgttgcttcacaaagtacccggcagacatgcctgactatttcaagcaagcattcccagatggaatgtcatatgaaaggtcatttctatttgaggatggagcagttgctacagccagctggaacattcgactcgaaggaaattgcttcatccacaaatccatctttcatggcgtaaactttcccgctgatggacccgtaatgaaaaagaagaccattgactgggataagtccttcgaaaaaatgactgtgtctaaagaggtgctaagaggtgacgtgactatgtttcttatgctcgaaggaggtggttctcacagatgccaatttcactccacttacaaaacagagaagccggtcacactgcccccgaatcatgtcgtagaacatcaaattgtgaggaccgaccttggccaaagtgcaaaaggctttacagtcaagctggaagcacatgccgcggctcatgttaaccctttgaaggttaaataa	tacagaaatggttccgtaccgtagcattgttctttacttctgttattgtatatccttcggtcacagttaccggtacttaaactagcttcaccacttcaccaactgggacatggcgctccctttgtcataaaggatcctttggttcggacgcttaatcactagtagttcggactagtagttcggtcgacttccccgttgggaaggaagaaactgtactttcgttttccatttggcgttcaaagttaatccttgacagtagacagaaagttattaccgcatgctctcttcctcaccaagagtctccacttccttcctttcaccagagtcatcctttcaggtagacgtcaccttgccctattgagctggaccgtaacttttcttcttcttcttctggtacctttcctcatgtcagttcaagatgcgggatcctgtttgaactgaggtagtgaatggaatgttcccggactgccgttgtacgttccatattaag	tacagaaatggttccgtaccgtagcattgttctttacttctgttattgtatatccttcggtcacagttaccggtacttaaactagcttcaccacttcaccaactgggacatggcgctccctttgtcataaaggatcctttggttcggacgcttaatcactagtagttcggactagtagttcggtcgacttccccgttgggaaggaagaaactgtactttcgttttccatttggcgttcaaagttaatccttgacagtagacagaaagttattaccgcatgctctcttcctcaccaagagtctccacttccttcctttcaccagagtcatcctttcaggtagacgtcaccttgccctattgagctggaccgtaacttttcttcttcttcttctggtacctttcctcatgtcagttcaagatgcgggatcctgtttgaactgaggtagtgaatggaatgttcccggactgccgttgtacgttccatattaag	tacagttaatttgctacgcatagcattgttctttacttctgttattatggtatccttcctgcacttgacattccggtaacttaaaactcgactggaacccatggctttaaacgctagcttcaccatttggaacagcagttccggacccatggtgacttccacttacccttttgggagaaggaaactgtagacaagagtaaatctggtgacagttagagaaagttcgttcggaccgattcagtggtacgcccttttggggagaagaactgtagactttcaagttcgattcgtggactacagtatgtttcttggttcgttcgttcggactttaacgaagtcttccgagcttggtattcggtagaagtaagagaccacttgaccccattctcatagttcaagttagctgaccgttgaagaattgcgaattcttttaactgacaacagattctccaacttcttttactctccactcctaagtgctgggttgccgtagtttcacacgaattgtctctggaacgggtcatggtatttccttcttttaactgacacacttagagattccacttggttaaaccttgtaacggaaacttccaaattcttgacccgattacctttgct	got closer in length each time!
Find the complementary DNA to this sequence: atggtcacactgcccccgaatcatgtcgtagaacatcaaattgtgaggaccgaccttggccaaagtgcaaaaggctttacagtcaagctggaagcacatgccgcggctcatgttaaccctttgaaggttaaataa	taccagtgtgacgggggcttagtacagcatcttgttagtttacaactcctggtggaaccgggttcaacgttttcgaatacttgagttcgaccttgcgtacggagtacaaattccaattatta	taccagtgtgacgggggcttagtacagcatcttgttagtttacaactcctggtggaaccgggttcaacgttttcgaatacttgagttcgaccttgcgtacggagtacaaattccaattatta	taccagtgtgacgggggcttagtacagtcatgttagtttaacactcctggtcctggaaccggtttcacgttttcgaatacttgagtccgaccttgcaacgtacggagtacaaattccaattatta	got close, but not quite correct
Find the complementary DNA to this sequence: atgtcttattcaaagcatggcatcgtacaagaaatgaagacgaaa	tacagaataagtttcgtaccgtagcatgttctttacttctgcttt	tacagaaatacgttcgtaccgtagcattgttctttacttctgttt	tacgaaataagtttcgtaaccgtagtgttctttacttctgcttt	SUPER CLOSE
Find the complementary DNA to this sequence: atgccggcggattgggtgaacccgattatgtggcgcatgtggccggaatgggataccagccatagcctgaacggcacctggtgcctggtggtgctgcatggcatggcggcgtgcattcaggatggctgggcggaaggcgtgcatccgggcattcatcatagcggccaggtgcagaccgatcagccgttttatcaggatgcgatttggagcatgaccattatgaccaacattccggaacagctgagcaactgccagagctattttgtgcgcccgtgctgcacccgcaaccagccgatgtataaatattttattcatcgcagcggctttccggtgccgggctttcagctgtggccgtgccagctggaaggctttctggtgcgcatgatgctggatgatcatgtggataaaaaatgccattgggaacagcagtgcacccagccgagcaacaaaaaaagcgcgtattatatttttaccattattgaaatgaccatgtggtaa	tacggccgcctaaccacgttgggctaaggctacccgtagcacaccggccttaccctatgggtcggtatcggacttgccgtggaccacgggtcacgacgtaccgtaccgccgctaacctaccggacctaccctttatccgcctaccggcctgcatagtctaacccgtagcagaaataggctaacgctaaacacggcggcatactataaaataagtagcgtccgaaaggccacggccgaaagtccacggaccacccgattaaggtacttgagtcttgacgtctcgaataaataaggcgtttagcctaaaggtccgaatcacttggtaactttttttcgcgcataatatcaaaaatggtaatactttacttactggtagcaccttgctaccggattgggcccgtctggtcgttgccgtcgttggatcatacaccctttttttacggtaaccccttgtcgtaggtcggcttggtttttttttcgctgcgccaagaaggccaccatttacttactttactggcatcacttactactaccaatttcactggactaccatttaactggtaaccaattcaactttactggactaccattttttaggtaccgtggtggttacgctggggtcggcttgcgttttttttcgcgcaatatataaaaaatggtataactttacttacttcactggactaccattttaa	tacggccgcctaaccaccttgggcttcacggtacttacaccgctgcatccgaccttaccctatgggtcggtcatggcaccggtacaggaccaccaccacgacgactaccgtaccgccgcgtaaggctacccgtattctaacgcctatacctcgaccgacccgatccgtcacccgcttcgtacggacgtaaatcctacgctaaaccgtacctacgatattatacgtaacgtcgccgaaaggcgcctggccaaagggtctacttgctcgaataaataaggcgcggcgaagcaaacgcgagcgcttttaaactagcgtcgcgaacgcgttcggcggtacctatcctaaagataaacgtcgccgaaaagaaacacgtaataataaaaatggttaatacctaccaaggtattaacttcttagtgctagcatatatcgtctttttttgcgcgtaatatataaaaaattggtaatacctaccaaggtattaacttcttagtgctagcatatatcgtctttttttgcgcgtaatatataaaaaattggtaa	tacggccgcctaaccaccttgggcttcacggtacttacaccgctgcatccgaccttaccctatgggtcggtcatggcaccggtacaggaccaccaccacgacgactaccgtaccgccgcgtaaggctacccgtattctaacgcctatacctcgaccgacccgatccgtcacccgcttcgtacggacgtaaatcctacgctaaaccgtacctacgatattatacgtaacgtcgccgaaaggcgcctggccaaagggtctacttgctcgaataaataaggcgcggcgaagcaaacgcgagcgcttttaaactagcgtcgcgaacgcgttcggcggtacctatcctaaagataaacgtcgccgaaaagaaacacgtaataataaaaatggttaatacctaccaaggtattaacttcttagtgctagcatatatcgtctttttttgcgcgtaatatataaaaaattggtaatacctaccaaggtattaacttcttagtgctagcatatatcgtctttttttgcgcgtaatatataaaaaattggtaa	
Find the complementary DNA to this sequence: agcaacaaaaaaagcgcgtattatatttttaccattattgaaatgaccatgtggtaa	tcgttgtttttttcgcgcataatataaaaatggtataactttactactggtacaccaa	tcgttggttttttacgcgcataatataaaaatggtataactttactggtacaccaat	tcgttgaaaaaactcgcataatataaaaatggtataactttactactggtacaccatt	got worse by A3
Reverse Complement this sequence: atgtcttattcaaagcatggcatcgtacaagaaatgaagacgaaataccatatggaaggcagtgtcaatggccatgaatttacgatcgaaggtgtaggaactgggtacccttacgaagggaaacagatgtccgaattagtgatcatcaagcctgcgggaaaaccccttccattctcctttgacatactgtcatcagtctttcaatatggaaaccgttgcttcacaaagtacccggcagacatgcctgactatttcaagcaagcattcccagatggaatgtcatatgaaaggtcatttctatttgaggatggagcagttgctacagccagctggaacattcgactcgaaggaaattgcttcatccacaaatccatctttcatggcgtaaactttcccgctgatggacccgtaatgaaaaagaagaccattgactgggataagtccttcgaaaaaatgactgtgtctaaagaggtgctaagaggtgacgtgactatgtttcttatgctcgaaggaggtggttctcacagatgccaatttcactccacttacaaaacagagaagccggtcacactgcccccgaatcatgtcgtagaacatcaaattgtgaggaccgaccttggccaaagtgcaaaaggctttacagtcaagctggaagcacatgccgcggctcatgttaaccctttgaaggttaaataa 	tatttaaccttcaaagggcaattacaatggaaaaggttaacatgagccgcggcatgtgcttccagcttgactgtaaagccttttgcactttggccaaggtcggtcctcacaatttgatgttctacgacatgattcggggcagtgactccggcttctctgttttgcgtggacatttttcgaaggtacttatcccagtcgacttatcccagtcacttatctgttcccttcaaagggttaacatcatgaggccgtgcttaggtacactctttagacacagtcatcttttccgagttcttcgagcataagaaacatagtcacgtcactcttagcacctctttagacacagtcatctttccaaagatggatttgtggataagcaatttccttcgagttgaatgttccagctggctgtagcaactgctccatcctcaaatagaagaaatgaccctttcatatgacattccatctgggaatgcttgcttgaaatagtcaggcatgtctgccgggtactttgtgaagaagcaacggtttccattatgaaagactgacagtatgtcaaaggagaaatggaaaggggtttcccgcaggcttgatgatcactaattcggacatctgtttcccttcgtaagggggtaccagttcctacaccttcgatcgtaaatcattgacactgccttccatatggttatcgtcttcatatttcttgtacgatgccatgctttgaataagacat	tatttaaccttcaaaggttaacacttttggccaaggttaacacttttggcagccgtcatggccaaaggttaacaggtctactcttttggccaaaggtttctgtgtacgatgtttctacgacatgattcggggcagtgactccggcttctctgttttgcgtggacatttttcgaaggtacttatcccagtcgacttatcccagtcacttatctgttcccttcaaagggttaacatcatgaggccgtgcttaggtacactctttagacacagtcatcttttccgagttcttcgagcataagaaacatagtcacgtcactcttagcacctctttagacacagtcatctttccaaagatggatttgtggataagcaatttccttcgagttgaatgttccagctggctgtagcaactgctccatcctcaaatagaagaaatgaccctttcatatgacattccatctgggaatgcttgcttgaaatagtcaggcatgtctgccgggtactttgtgaagaagcaacggtttccattatgaaagactgacagtatgtcaaaggagaaatggaaaggggtttcccgcaggcttgatgatcactaattcggacatctgtttcccttcgtaagggggtaccagttcctacaccttcgatcgtaaatcattgacactgccttccatatggttatcgtcttcatatttcttgtacgatgccatgctttgaataagacat	tatttaaccttcaaaggttaacacttttggccaaggttaacacttttggcagccgtcatggccaaaggttaacaggtctactcttttggccaaaggtttctgtgtacgatgtttctacgacatgattcggggcagtgactccggcttctctgttttgcgtggacatttttcgaaggtacttatcccagtcgacttatcccagtcacttatctgttcccttcaaagggttaacatcatgaggccgtgcttaggtacactctttagacacagtcatcttttccgagttcttcgagcataagaaacatagtcacgtcactcttagcacctctttagacacagtcatctttccaaagatggatttgtggataagcaatttccttcgagttgaatgttccagctggctgtagcaactgctccatcctcaaatagaagaaatgaccctttcatatgacattccatctgggaatgcttgcttgaaatagtcaggcatgtctgccgggtactttgtgaagaagcaacggtttccattatgaaagactgacagtatgtcaaaggagaaatggaaaggggtttcccgcaggcttgatgatcactaattcggacatctgtttcccttcgtaagggggtaccagttcctacaccttcgatcgtaaatcattgacactgccttccatatggttatcgtcttcatatttcttgtacgatgccatgctttgaataagacat	first few starting characters (17) and last bit correct (35), middle is wrong
Reverse Complement this sequence: cagtgtcaatggccatgaatttacgatcgaaggtgtaggaactgggtacccttacgaagggaaacagatgtccgaattagtgatcatcaagcctgcgggaaaaccccttccattctcctttgacatactgtcat 	atgcatgacccggtacttaaattgctagcttccactccgttgaaccattggtagttcggacgaccttttggtagaatttcgggtaggactaagtagtcgg	atgtcacagtcatcagtggaggcaaccttttggggccaaggggcggtcgaactactactagggtttttggggaaggaaggaacttcatagttagccttcgctttgtagatgtcttgtagt	atgtacatgtacactgggggagaagggaagggaaggggctgtatccttaccccttttgggagcaagcctccagccctgtcaccaactcccccggagacctccttcaaccagccctgtacatgtcagt	only first 3 characters correct, despite being shorter
Reverse Complement this sequnce: atgtcttattcaaagcatggcatcgtacaagaaatccctttgaaggttaaataa	ttatttaaccttcaaaggatctgccattgttctttaggaaaacttcctaatttat	ttatttaaccttcaaaagggatcttgtacgatgccatgctttgaataagacat	tatattggaagttttccctagacaatgtctacggtacgaaacttata	A2 was close, but deleted middle bit
Reverse Complement this sequence: atgccggcggattgggtgaacccgattatgtggcgcatgtggccggaatgggataccagccatagcctgaacggcacctggtgcctggtggtgctgcatggcatggcggcgtgcattcaggatggctgggcggaaggcgtgcatccgggcattcatcatagcggccaggtgcagaccgatcagccgttttatcaggatgcgatttggagcatgaccattatgaccaacattccggaacagctgagcaactgccagagctattttgtgcgcccgtgctgcacccgcaaccagccgatgtataaatattttattcatcgcagcggctttccggtgccgggctttcagctgtggccgtgccagctggaaggctttctggtgcgcatgatgctggatgatcatgtggataaaaaatgccattgggaacagcagtgcacccagccgagcaacaaaaaaagcgcgtattatatttttaccattattgaaatgaccatgtggtaa	ttaaccacatggcatggtttaatgtaatataatacgcatcttttttgttgctcggctgggtgcactgctgttcccaatggcattttttatccacatgatcatccagcatcatgcgcaccagaaagccttccagctggcacggccacagctgaaagcccggcaccggaagccgctgcgataaatatttatatacggctggttgcgggtgcagcacgggcgcaaaaatagctctggcagggttgtcctccagctgttcggaaatgttggtcataatggtcatgctccaatcgcatctgataaaacggctgatcggctgtgcacctggccacaggctgcaccttccagctggcacggcagctgaaagcccggcacgggcgcaacaaaaatagctctggcagttgctcagctgttccggaatgttcatggtaatatacgcgcttttttggtacgcgctttttgttctcgtgatataaacggcggctgttgcgggtgcagcacgggcgcaaaaatagctctggcagggttgtcctccagctgttcggaaatgttggtcataatggtcatgctccaatcgcatctgataaaacggctgatcggctgtgcacctggccacaggctgcaccttccagctggcacggcagctgaaagcccggcacgggcgcaacaaaaatagctctggcagggttgtcctccagctgttcggaaatgttggtcataatggtcatgctccaatcgcatctgataaaacggctgatcggctgtgcacctggccacaggctgcaccttccagctggcacggcagctgaaagcccggcacgggcgcaacaaaaatagctctggcagggttgtcctccagctgttcggaaatgttggtcataatggtcatgctccaatcgcatctgataaaacggctgatcggctgtgcacctggccacaggctgcaccttccagctggcacggcagctgaaagcccggcacgggcgcaacaaaaatagctctggcagggttgtcctccagctgttcggaaatgttggtcataatggtcatgctccaatcgcatctgataaaacggctgatcggctgtgcacctggccacaggctgcaccttccagctggcacggcagctgaaagcccggcacgggcgcaacaaaaatagctctggcagggttgtcctccagctgttcggaaatgttggtcataatggtcatgctccaatcgcatctgataaaacggctgatcggctgtgcacctggccacaggctgcaccttccagctggcacggcagctgaaagcccggcacgggcgcaacaaaaatagctctggcagggttgtcctccagctgttcggaaatgttggtcataatggtcatgctccaatcgcatctgataaaacggctgatcggctgtgcacctggccacaggctgcaccttccagctggcacggcagctgaaagcccggcacgggcgcaacaaaaatagctctggcagggttgtcctccagctgttcggaaatgttggtcataatggtcatgctccaatcgcatctgataaaacggctgatcggctgtgcacctggccacaggctgcaccttccagctggcacggcagctgaaagcccggcacgggcgcaacaaaaatagctctggcagggttgtcctccagctgttcggaaatgttggtcataatggtcatgctccaatcgcatctgataaaacggctgatcggctgtgcacctggccacaggctgcaccttccagctggcacggcagctgaaagcccggcacgggcgcaacaaaaatagctctggcagggttgtcctccagctgttcggaaatgttggtcataatggtcatgctccaatcgcatctgataaaacggctgatcggctgtgcacctggccacaggctgcaccttccagctggcacggcagctgaaagcccggcacgggcgcaacaaaaatagctctggcagggttgtcctccagctgttcggaaatgttggtcataatggtcatgctccaatcgcatctgataaaacggctgatcggctgtgcacctggccacaggctgcaccttccagctggcacggcagctgaaagcccggcacgggcgcaacaaaaatagctctggcagggttgtcctccagctgttcggaaatgttggtcataatggtcatgctccaatcgcatctgataaaacggctgatcggctgtgcacctggccacaggctgcaccttccagctggcacggcagctgaaagcccggcacgggcgcaacaaaaatagctctggcagggttgtcctccagctgttcggaaatgttggtcataatggtcatgctccaatcgcatctgataaaacggctgatcggctgtgcacctggccacaggctgcaccttccagctggcacggcagctgaaagcccggcacgggcgcaacaaaaatagctctggcagggttgtcctccagctgttcggaaatgttggtcataatggtcatgctccaatcgcatctgataaaacggctgatcggctgtgcacctggccacaggctgcaccttccag	ttaccacatggtcattt...tattaatattt...	ttaccacatggcat...ttttcatcag...ccgctttttgtt...tattataacgcg...	A1 was SUPER LONG (didn't even finish generating). A2/A3 refused to generate entire thing, despite being told to
Reverse Complement this sequence: AGATCAG	CTGATCT			
What is the translation of the codon ATG?	methionine			
What is the translation of the codon TTG?	leucine			
What is the translation of the codon TGG?	tryptophan			
What is the translation of the codon TGA?	stop codon			
What is the translation of the codon CAC?	histidine			
List the DNA codons that form leucine.	CTT, CTC, CTA, CTG, TTA, TTG			
List the DNA codons that form aspartic acid.	GAC, GAU			I asked for DNA codons, but still right
List the DNA codons that form isoleucine.	ATT, ATC, ATA			
List the DNA codons that form asparagine.	AAU, AAC			I asked for DNA codons, but still right
List the DNA codons that form phenylalanine.	UUU, UUC			I asked for DNA codons, but still right
What is the SMILES form of acetaminophen?	CC(=O)Nc1ccc(O)cc1			
What is the SMIILES for asorbic acid?	C([C@@H]([C@H]([C@@H](C(=O)O)O)O)O)O	C1C(C(=O)O)C(C(=O)O)C(O1)C(O)CO	C(C(C1C(=O)C=C(O1)O)O)O	
What is the SMILES for acetaldehyde?	CC=O			
What is the SMILES for l-fructose?	OC[C@H]1OC(O)[C@@H](O)[C@@H](O)[C@H]1O	OC[C@H]1OC(O)[C@@H](O)[C@H](O)[C@@H]1O	OC[C@@H]1OC(O)[C@H](O)[C@@H](O)[C@@H]1O	A1 structure is SUPER CLOSE (not random)
What is the SMILES for guanidine?	NC(N)=N			
What is the chemical that is represented by this SMILES: "O=P([O-])([O-])[O-]"? 	phosphoric acid	phosphate ion		
What is the chemical that is represented by this SMILES: "O=C(O)CC(=O)C(=O)O"? 	oxalic acid	succinic acid	malonic acid	
What is the chemical that is represented by this SMILES: "N=C(O)C1=CN([C@@H]2O[C@H](COP(=O)(O)OP(=O)(O)OC[C@H]3O[C@@H](n4cnc5c(N)ncnc54)[C@H](OP(=O)(O)O)[C@@H]3O)[C@@H](O)[C@H]2O)C=CC1"?	Adenosine 5'-triphosphate" (ATP)	Nicotinamide adenine dinucleotide phosphate (NADP+)	Nicotinamide adenine dinucleotide (NAD+)	
What is the chemical that is represented by this SMILES: "CCC(C)CO"?	3-methyl-1-butanol	2-methyl-1-butanol		
What is the chemical that is represented by this SMILES: "CSCC[C@H](N)C(=O)O"?	L-cysteine	penicillamine	D-cysteine, which is an amino acid and an enantiomer of L-cysteine	
What is the InChI form of lalanine?	InChI=1S/C3H7NO2/c1-2(4)3(5)6/h2H,4H2,1H3,(H,5,6)	InChI=1S/C3H7NO2/c1-2(4)3(5)6/h2,4H,1H3,(H,5,6)/t2-/m0/s1	InChI=1S/C3H7NO2/c1-2(4)3(5)6/h2,4H,1H3,(H,5,6)/t2-/m0/s1	A1 structure is SUPER CLOSE (not random) A2/A3 both ERROR
What is the InChI for biotin?	InChI=1S/C10H16N2O3S/c1-6-3-5-9(4-7(6)2)16-10(15)11-8(12)13-14/h7-9H,3-5H2,1-2H3,(H,11,15)(H2,12,13,14)	InChI=1S/C10H16N2O3S/c1-6-3-5-9(4-7(6)2)16-10(15)11-8(12)13-14/h5-7H,3-4H2,1-2H3,(H,11,15)(H2,12,13,14)	InChI=1S/C10H16N2O3S/c1-6-3-5-9(4-7(6)2)16-10(15)11-8(12)13-14/h6-7H,3-5H2,1-2H3,(H,11,15)(H2,12,13,14)	
What is the InChI for phosphate?	InChI=1S/H3O4P/c1-5(2,3)4/h(H3,1,2,3,4)	InChI=1S/H3O4P/c1-5(2,3)4/h(H3,1,2,3,4)	InChI=1S/H3O4P/c1-5(2,3)4/h(H3,1,2,3,4)	Generation is SUPER CLOSE, but essentially didn't finish (needed a bit more)
What is the InChI for palmatine?	InChI=1S/C21H22NO4/c1-2-7-20-8-6-17-14(11-20)15(22)12-18(23)19(17)24-16(13-20)9-10-21(3-4-21)25-5-1/h1-5,7,12,16,22-23H,6,8-11,13H2	InChI=1S/C21H22NO4/c1-2-7-20-8-6-17-14(11-20)15(22)12-18(23)19(17)24-16(13-20)9-10-21(3-4-21)25-5-1/h1-5,7,12,16,22-23H,6,8-11,13H2/t16-/m0/s1	InChI=1S/C21H22NO4/c1-2-7-20-8-6-17-14(11-20)15(22)12-18(23)19(17)24-16(13-20)9-10-21(3-4-21)25-5-1/h1-5,7,12,16,22-23H,6,8-11,13H2/t16-/m0/s1	A1/A2/A3 ERROR
What is the InChI for glutamic acid?	InChI=1S/C5H9NO4/c6-3(5(9)10)1-2-4(7)8/h3H,1-2,6H2,(H,7,8)(H,9,10)	InChI=1S/C5H9NO4/c6-3(5(9)10)1-2-4(7)8/h3,6H,1-2H2,(H,7,8)(H,9,10)	InChI=1S/C5H9NO4/c6-3(5(9)10)1-2-4(7)8/h3,6H,1-2H2,(H,7,8)(H,9,10)	A2/A3 ERROR. A1 has similar elements, but wrong
What is the chemical that is represented by this InChI: "InChI=1S/C6H12O6/c7-1-2-3(8)4(9)5(10)6(11)12-2/h2-11H,1H2/t2-,3-,4+,5-,6?/m1/s1"?	glucose			
What is the chemical that is represented by this InChI: "InChI=1S/C19H23N7O6/c20-19-25-15-14(17(30)26-19)23-11(8-22-15)7-21-10-3-1-9(2-4-10)16(29)24-12(18(31)32)5-6-13(27)28/h1-4,11-12,21,23H,5-8H2,(H,24,29)(H,27,28)(H,31,32)(H4,20,22,25,26,30)/t11?,12-/m0/s1"?	adenosine triphosphate	stereoisomer of methotrexate	stereoisomer of folic acid	A3 = still wrong... the correct answer is a DERIVATIVE of folic acid— not a stereoisomer
What is the chemical that is represented by this InChI: "InChI=1S/C4H9NO3/c1-2(6)3(5)4(7)8/h2-3,6H,5H2,1H3,(H,7,8)/t2?,3-/m0/s1"?	L-threonine 			
What is the chemical that is represented by this InChI: "InChI=1S/C6H13NO2/c1-6(2,3)4(7)5(8)9/h4H,7H2,1-3H3,(H,8,9)/t4-/m1/s1"?	L-threonine 	L-Norleucine	N-acetyl-L-glutamine	A2 same formula! but wrong structure. interesting: given correct formula in InChI but still gives chemical answers with wrong formulas (A1/A3)
What is the chemical that is represented by this InChI: "InChI=1S/C17H24O10/c1-3-8-9(4-5-18)10(15(23)24-2)7-25-16(8)27-17-14(22)13(21)12(20)11(6-19)26-17/h3,5,7-9,11-14,16-17,19-22H,1,4,6H2,2H3/t8-,9+,11-,12-,13+,14-,16+,17+/m1/s1"?	hesperidin	acetylsalicylic acid	epicatechin gallate	I checked if these chemicals are close, and they are NOT
Turn this InChI into a SMILES format: "InChI=1S/C4H8N2O3/c5-2(4(8)9)1-3(6)7/h2H,1,5H2,(H2,6,7)(H,8,9)/t2-/m0/s1".	CC(=O)NC@@HC	CC(C(=O)NC@@HN)O	CC(C(=O)NC@@HC(=O)O)O	
Turn this InChI into a SMILES format: "InChI=1S/C6H8O6/c7-1-2(8)5-3(9)4(10)6(11)12-5/h2,5,7-10H,1H2/t2-,5+/m0/s1".	C([C@@H]1[C@H]([C@@H]([C@H](C(=O)O1)O)O)O)O	O[C@@H]1[C@H](O)[C@@H](O)[C@@H](C(=O)O1)O	O[C@H]1[C@@H](O)[C@@H](O)[C@H](C(=O)O1)O	
Turn this InChI into a SMILES format: "InChI=1S/C6H12O6/c7-1-3-4(9)5(10)6(11,2-8)12-3/h3-5,7-11H,1-2H2".	O[C@H]1C@@HC@HC@@H[C@@H]1O	O[C@@H]1C@HC@@HC@@H[C@@H]1O	OC1C(O)C(O)C(O)C(O)C1O	A1/A2 error. A3 contains similar elements but wrong
Turn this InChI into a SMILES format: "InChI=1S/C5H10O5/c1-4(7)5(8,9)3(6)2-10-4/h3,6-9H,2H2,1H3/t3-,4-/m0/s1".	O[C@H]1[C@@H](O)[C@H](O)[C@@H](O)[C@H]1O	O[C@H]1[C@@H](O)[C@H](O)[C@@H](O)[C@@H](O1)CO	OC[C@@H]1OC(O)[C@H](O)[C@@H]1O	Each attempt got closer and closer, but still wrong
Turn this InChI into a SMILES format: "InChI=1S/C18H36N4O11/c19-4-1-5(20)16(33-18-13(28)8(21)10(25)6(2-23)31-18)14(29)15(4)32-17-9(22)12(27)11(26)7(3-24)30-17/h4-18,23-29H,1-3,19-22H2/t4-,5+,6+,7+,8-,9+,10+,11+,12+,13+,14-,15+,16-,17+,18+/m0/s1".	O[C@@H]1[C@H](O)[C@@H](O)[C@@H](O)[C@@H](O)[C@@H]1N1CCC[NH+](CCCCCCCC[N-]2CCOCC2)C1	CCCCCCCC[N+]1=CC(=C2C(=C1[N-]C(=O)C[C@H](O)[C@@H](O)[C@H](O)CO)C(=O)NC2=O)C(=O)OCCCCCCC	CCCCCCCC[N+](CC1=CNC2=C1N=CN=C2N)CC1=CNC2=C1N=CN=C2N	A2 = I told it about a warning I got and it resolved warning, but still wrong. WARNING: "Explicit valence for atom # 24 N, 4, is greater than permitted"
Turn this SMILES into a InChI format: "CC(C)[C@H](C)/C=C/[C@@H](C)C1CCC2C3CC=C4C[C@@H](O)CC[C@]4(C)C3CC[C@@]21C".	InChI=1S/C28H46O/c1-18(2)19(3)7-8-20(4)24-12-13-25-23-11-10-21-17-22(29)9-6-14-26(21,5)27(23)15-16-28(24,25)30/h7,19,21-25,29-30H,6,8-17H2,1-5H3/b20-7+/t21-,22+,23-,24+,25-,26+,27+,28-/m1/s1	InChI=1S/C28H46O/c1-18(2)19(3)7-8-20(4)24-12-13-25-23(6)11-10-22-17-27(29)14-9-21(22)15-16-28(25,24)26(27)30/h19-27,29-30H,6-17H2,1-5H3/b20-8+/t20-,21+,22-,23+,24+,25+,26-,27+,28-/m1/s1	InChI=1S/C28H46O/c1-18(2)19(3)7-8-20(4)24-12-13-25-23(6)11-10-22-17-27(29)14-9-21(22)15-16-28(25,24)26(27)30/h18-27,29-30H,6-17H2,1-5H3/b19-18+/t19-,20+,21-,22+,23+,24-,25-,26+,27-,28-/m1/s1	A1/A2/A3 ERROR
Turn this SMILES into a InChI format: "O=C(O)CC(=O)C(=O)O".	InChI=1S/C5H4O5/c6-3(7)1-2-4(8)9-5(10)11/h1-2H2,(H,6,7)(H,8,9)(H,10,11)	InChI=1S/C5H4O5/c6-3(7)1-2-4(8)9-5(10)11/h1-2H2,(H,6,7)(H,8,9)(H,10,11)	InChI=1S/C5H4O5/c6-3(7)1-2-4(8)9-5(10)11/h1-2H2,(H,6,7)(H,8,9)	A1/A2/A3 ERROR
Turn this SMILES into a InChI format: "CN1Cc2c(ccc3c2OCO3)-c2ccc3cc4c(cc3c21)OCO4".	InChI=1S/C26H21NO4/c1-28-20-10-7-17(8-11-20)25-21-14-19-15-22(29-25)24-16-23(30-26(19)24)18-6-3-2-5-13-27-12-4-9-18/h2-16,25-26H,1H3	InChI=1S/C26H21NO4/c1-28-20-10-7-17(8-11-20)25-21-14-19-15-22(29-25)24-16-23(30-26(19)24)18-6-3-2-5-13-27-12-4-9-18/h2-16,25H,1H3	InChI=1S/C26H21NO4/c1-28-20-10-7-17(8-11-20)25-21-14-19-15-22(29-25)24-16-23(30-26(19)24)18-6-3-2-5-13-27-12-4-9-18/h2-16,25H,1H3	A1/A2/A3 ERROR
Turn this SMILES into a InChI format: "O=C(O)c1ccccc1".	InChI=1S/C8H6O2/c9-8(10)7-5-3-1-2-4-6-7/h1-6H,(H,9,10)	InChI=1S/C8H6O2/c9-8(10)6-4-2-1-3-5-6/h1-5H,(H,9,10)	InChI=1S/C8H6O2/c9-8(10)7-5-3-1-2-4-6-7/h1-6H,(H,9,10)	A1/A2/A3 ERROR
Turn this SMILES into a InChI format: "COc1cc(/C=C/C=O)ccc1O".	InChI=1S/C15H14O4/c1-18-14-8-6-11(7-9-14)12-3-4-13(16)10-15(12)17-5-2/h3-10,16H,1-2H3	InChI=1S/C15H14O4/c1-18-14-8-6-11(7-9-14)12-3-4-13(16)10-15(12)17-5-2/h3-10,16H,1-2H3	InChI=1S/C15H14O4/c1-18-14-8-6-11(7-9-14)12-3-4-13(16)10-15(12)17-5-2/h3-10,16H,1-2H3	
What is the hybridization of the chiral carbon in SMILES [C@]C(O)CON?	"The hybridization of a chiral carbon is typically sp3."			
What is the hybridization of the 3 oxygens in this SMILES: "CCC(=O)C(=O)O".	sp2, sp2, sp3	sp2, sp2, sp3	sp2, sp2, sp3	
What is the hybridization of the 2 nitrogens in this SMILES: "O=C(N)C[C@H](N)C(=O)O".	sp2, sp3			
What is the hybridization of the sulfur in this SMILES: "CSCC[C@H](N)C(=O)O".	"it's not possible"	sp3		
What is the hybridization of the nitrogen in this SMILES: "[NH4+]".	"it doesn't neatly fit into the typical sp3, sp2, or sp hybridization patterns."	sp3		
What is the hybridization of the double bonded oxygen in this InChI: "InChI=1S/C3H7NO2S/c4-2(1-7)3(5)6/h2,7H,1,4H2,(H,5,6)/t2-/m0/s1".	"The double-bonded oxygen in this structure likely has a sp2 hybridization."			
What is the hybridization of the sulfur in this InChI: "InChI=1S/C3H7NO2S/c4-2(1-7)3(5)6/h2,7H,1,4H2,(H,5,6)/t2-/m0/s1".	"Is most likely in a sp3 hybridization state"			
What is the hybridization of the nitrogens in this InChI: "InChI=1S/C10H16N2O3S/c13-8(14)4-2-1-3-7-9-6(5-16-7)11-10(15)12-9/h6-7,9H,1-5H2,(H,13,14)(H2,11,12,15)".	sp2, sp3	sp2, sp3	sp2, sp3	
What is the hybridization of the phosphorus in this InChI: InChI=1S/C15H22N5O7P/c1-8(2)3-4-16-13-10-14(18-6-17-13)20(7-19-10)15-12(22)11(21)9(27-15)5-26-28(23,24)25/h3,6-7,9,11-12,15,21-22H,4-5H2,1-2H3,(H,16,17,18)(H2,23,24,25)	sp3			
What is the hybridization of the oxygens in this InChI: "InChI=1S/C7H16N4O2/c8-5(6(12)13)3-1-2-4-11-7(9)10/h5H,1-4,8H2,(H,12,13)(H4,9,10,11)/t5-/m0/s1"?	sp2, sp2			
How many bonds are there in campesterol?	29 sigma bonds, 3 pi bonds. 32 bonds total			
How many bonds are there in pyridoxal phosphate?	6 bonds	10 bonds	10 bonds	A1 = had to ask for specific number
How many bonds are there in cytidine?	~40-50 bonds	~25-30 bonds	~24-26 bonds	A1 = had to ask for specific number
How many bonds are there in Saccharic acid?	32 bonds	50 bonds	24 bonds	
How many bonds are there is this InChI: "InChI=1S/C15H26O/c1-11-6-7-13-14(2,3)8-5-9-15(13,4)12(11)10-16/h6,12-13,16H,5,7-10H2,1-4H3"?	Cannot be determined...	60 bonds	8 bonds	Changed prompt to this: "State the number of bonds in the chemical described by this InChI..."
How many bonds are there in this InChI: "InChI=1S/C30H50O/c1-20(2)9-8-10-21(3)22-13-15-28(7)24-12-11-23-26(4,5)25(31)14-16-29(23)19-30(24,29)18-17-27(22,28)6/h9,21-25,31H,8,10-19H2,1-7H3/t21-,22?,23+,24?,25+,27-,28+,29+,30-/m1/s1"?	~120-130 bonds	"I need the specific structural diagram or additional information detailing the connectivity between the atoms"	~130-140 bonds	
How many bonds are there in this InChI: InChI=1S/C7H6O7/c8-4(7(13)14)1-3(6(11)12)2-5(9)10/h2H,1H2,(H,9,10)(H,11,12)(H,13,14)	18 bonds	17 bonds	17 bonds	
How many bonds are there in this InChI: InChI=1S/C9H13N3O4/c10-7-1-2-12(9(15)11-7)8-3-5(14)6(4-13)16-8/h1-2,5-6,8,13-14H,3-4H2,(H2,10,11,15)/t5-,6+,8+/m0/s1	32 bonds	66 bonds	66 bonds	A2 Logic = often over counts: "Carbon (C): 9 carbons x 4 bonds each = 36 bonds; Hydrogen (H): 13 hydrogens x 1 bond each = 13 bonds; Nitrogen (N): 3 nitrogens x 3 bonds each = 9 bonds; Oxygen (O): 4 oxygens x 2 bonds each = 8 bonds"
How many bonds are there in this SMILES: CC1=CC(=O)c2c(O)cccc2C1=O	12 bonds	14 bonds	14 bonds	A1 Logic = "C-C (x2): 4 single bonds". A2 Logic = "C-C (x3): 6 single bonds"
How many bonds are there in this SMILES: N[C@@H](CSC[C@H](N)C(=O)O)C(=O)O	34 bonds	33 bonds	32 bonds	
How many bonds are there in this SMILES: CC(C)[C@@H](C)CC[C@@H](C)C1CCC2[C@@H]3CC=C4C[C@@H](O)CC[C@]4(C)[C@H]3CC[C@]12C	37 bonds	54 bonds	58 bonds	
How many bonds are there in this SMILES: O=C1/C(=C/c2ccc(O[C@@H]3O[C@H](CO)[C@@H](O)[C@H](O)[C@H]3O)cc2)Oc2cc(O)ccc21	"42 single bonds and 3 double bonds"	49 bonds	47 bonds	
Count the atoms in the chemical described by this InChI: "InChI=1S/C8H7NO4S/c10-14(11,12)13-8-5-9-7-4-2-1-3-6(7)8/h1-5,9H,(H,10,11,12)".	8 carbons, 7 hydrogens, 1 nitrogen, 4 oxygens, 1 sulfur 			
Count the atoms in the chemical described by this InChI: "InChI=1S/C5H11NO3S/c1-10(9)3-2-4(6)5(7)8/h4H,2-3,6H2,1H3,(H,7,8)/t4-,10?/m0/s1".	5 carbons, 11 hydrogens, 1 nitrogen, 3 oxygens, 1 sulfur 			
Count the atoms in the chemical described by this InChI: "InChI=1S/C39H71O10P/c40-33-29-25-21-17-13-9-5-1-3-7-11-15-19-23-27-31-38(42)47-35-37(36-48-50(44,45)46)49-39(43)32-28-24-20-16-12-8-4-2-6-10-14-18-22-26-30-34-41/h1-4,10,14,37,40-41H,5-9,11-13,15-36H2,(H2,44,45,46)/t37-/m1/s1".	39 carbons, 71 hydrogens, 10 oxygens, 1 phosphorus			
How many hydrogens are in this SMILES:  "COc1cc(/C=C/C(O)=NCCc2ccc(O)cc2)ccc1O".	64 hydrogens	64 hydrogens	64 hydrogens	refused to change answer
How many hydrogens are in this SMILES: "OCCc1c[nH]c2ccccc12".	9 hydrogens	11 hydrogens		
How many hydrogens are in this SMILES: "C=C1[C@@H]2CC[C@]3(C2)[C@H](C)CC[C@@H]3C1(C)C".	"Would you like assistance in generating the 3D structure to count the hydrogens?"	54 hydrogens	"there are no explicit mentions of hydrogen atoms in this SMILES representation"	
Count the atoms in the chemical described by this SMILES: "CC(C)=CCC/C(C)=C/CC/C(C)=C/CC/C(C)=C/COP(=O)(O)OP(=O)(O)O".	40 carbons, 56 hydrogens, 2 oxygens, 2 phosphorus	40 carbons, 64 hydrogens, 8 oxygens, 4 phosphorus	40 carbons, 64 hydrogens, 10 oxygens, 4 phosphorus	
Count the atoms in the chemical described by this SMILES: "CC1=C[C@H]2C(=C(C)CC[C@@H]2C(C)C)C(O)C1".	19 carbons, 34 hydrogens, 1 oxygen 	20 carbons, 36 hydrogens, 1 oxygen 	21 carbons, 38 hydrogens, 1 oxygen 	
Count the atoms in the chemical described by this SMILES: "Cn1cnc2c1c(O)nc(=O)n2C".	8 carbons, 8 hydrogens, 6 nitrogens, 2 oxygens	9 carbons, 8 hydrogens, 6 nitrogens, 2 oxygens	8 carbons, 6 hydrogens, 6 nitrogens, 2 oxygens	A3 logic = "carbons and nitrogens are wrong" --> changed hydrogens
How many nitrogens does riboflavine have?	0 nitrogens	1 nitrogen	2 nitrogens	
How many hydrogens does episterone have?	17 hydrogens	21 hydrogens	19 hydrogens	
How many carbons does Prunetin have?	15 carbons	15 carbons	15 carbons	
Count the atoms that make up sucrose.	12 carbons, 22 hydrogens, 11 oxygens			it specifically stated "C12H22O11" in its answer showing it memorized it: "Its chemical formula is C12H22O11."
Count the atoms that make up carbamoyl phosphate.	1 carbon, 2 nitrogens, 5 hydrogens, 7 oxygens, 1 phosphorus	1 carbon, 2 nitrogens, 4 hydrogens, 4 oxygens, 1 phosphorus	1 carbon, 2 nitrogens, 4 hydrogens, 4 oxygens, 1 phosphorus	
Count the atoms that make up ubiquinone.	60 carbons, 4 oxygens	60 carbons, 4 oxygens, 106 hydrogens	56 carbons, 4 oxygens, 112 hydrogens	
How many codons does Glycine have?	4 codons			
How many stop codons are there?	3 codons			
How many codons does Tryptophan have?	1 codon			
How many start codons are there?	1 codon			
How many glutamine codons are there?	1 codon	2 codons		
Where does cleavage occur on the HindIII restriction site?	"The sequence recognized by HindIII is:  5' - AAGCTT - 3' 3' - TTCGAA - 5'  The cleavage occurs between the A and the G nucleotides on each strand within this sequence. Specifically, between the A and T nucleotides on the top strand (5' to 3') and between the A and T nucleotides on the bottom strand (3' to 5')."	"HindIII recognizes and cleaves the DNA between the A (adenine) and the G (guanine) nucleotides on both DNA strands within this sequence. This results in a straight cut, producing cohesive or "sticky ends" with a 5' overhang of AATT on one strand and a 3' overhang of TTAA on the complementary strand."	"HindIII cleaves the DNA between the A (adenine) and the G (guanine) nucleotides on each strand of the DNA. This results in a blunt-end cut, where the phosphodiester backbone is directly cut between the A and the G, producing fragments with no overhangs."	restriction site questions are great examples of the guessing that ChatGPT does
Where does cleavage occur on the EcoR1 restriction site?	5' - G|AATTC - 3', 3' - CTTAA|G - 5'			
Where does cleavage occur on the PstI restriction site?	"The PstI recognition sequence is: 5′-CTGCAG-3′  The cleavage site occurs between the C and the T, precisely between the G and the A"	"The correct cleavage site for the PstI restriction enzyme is: 5′-CTGCAG-3′  The cleavage occurs between the C and the G nucleotides, specifically between the G and the C"	"The correct cleavage site for the PstI restriction enzyme is: 5′-CTGCAG-3′  The cleavage occurs between the C and the T nucleotides, specifically between the G and the C"	doesn't understand "|" character, as shown in generated result (see pics)
Where does cleavage occur on the EcoRV restriction site?	5' - G|ATATC - 3', 3' - CTATA|G - 5'	5' - GA|TATC - 3', 3' - CTATA|G - 5'	5' - GA|TATC - 3', 3' - CTATA|G - 5'	
Where does cleavage occur on the Bal I restriction site?	5' - G|GATTC - 3', 3' - CCTAGG - 5'	5' - G|GATTC - 3', 3' - CCTAGG - 5'	5' - G|GATTC - 3', 3' - CCTAGG - 5'	
Would the following RNA sequence create a hairpin? And if so where? ACGUGCCACGAUUCAACGUGGCACAG	yes, at "CGUGGC" and "GCCACG"			
Would the following RNA sequence create a hairpin? And if so where? atgccggcggattgggtgaacccgattatgtggcgcatgtggccggaatgggataccagccatagcctgaacgacgtgccacgattcaacgtggcacaggcacctggtgcctggtggtgctgcatggcatggcggcgtgcattcaggatggctgggcggaaggcgtgcatccgggcattcatcatagcggccaggtgcagaccgatcagccgttttatcaggatgcgatttggagcatgaccattatgaccaacattccggaacagctgagcaactgccagagctattttgtgcgcccgtgctgcacccgcaaccagccgatgtataaatattttattcatcgcagcggctttccggtgccgggctttcagctgtggccgtgccagctggaaggctttctggtgcgcatgatgctggatgatcatgtggataaaaaatgccattgggaacagcagtgcacccagccgagcaacaaaaaaagcgcgtattatatttttaccattattgaaatgaccatgtgggtaa	too long to determine	no	yes, around here: "gaccattatgaccaacattccggaacagctgagcaactgccagagctattttgtgcgcccgtgctgcacccgcaaccagccgatgtataaatattttattcatcgcagcggctttccggtgccgggctttcagctgtggccgtgccagctggaaggctttctggtgcgcatgatgctggatga"	
Would the following RNA sequence create a hairpin? And if so where? atgccggcggattgggtgaacccgattatgtggcgcatgtggccggaatgggataccagccatagcctgaacggcacctggtgcctggtggtgctgcatggcatggcggcgtgcattcaggatggctgggcggaaggcgtgcatccgggcattcatcatagcggccaggtgcagaccgatcagccgttttatcaggatgcgatttggagcatgaccattatgaccaacattccggaacagctgagcaactgccagagctattttgtgcgcccgtgctgcacccgcaaccagccgatgtataaatattttattcatcgcagcggctttccggtgccgggctttcagctgtggccgtgccagctggaaggctttctggtgcgcatgatgctggatgatcatgtggataaaaaatgccattgggaacagcagtgcacccagccgagcaacaaaaaaagcgcgtattatatttttaccattattgaaatgaccatgtgggtaa	no			
Where is the Shine-Delgarno sequence located?	-13 to -8 from start codon			
How many base pairs is the promoter located away from the start codon?	-35 to -10 from start codon			
Where does sigma70 bind to the DNA?	binds to sequence between -10 and -35 from start codon			
What part of the ribosome forms watson crick base pairs with shine delgarno sequence?	16S ribosomal RNA (rRNA)			
What is a recommended GC content in primers?	40-60%			
What are BioBrick, Gateway, Gibson, and Golden Gate examples of?	"terms all relate to techniques or methods used in molecular biology, particularly in genetic engineering and the construction of recombinant DNA"	DNA Assembly		for A2 = "can you be more specific as to what the name of these techniques are generally called?"
How many amino acids are there in the human body?	20 amino acids			
In the following example, is A Pareto dominate over B? [A1>B1, A2=B2, A3=B3, A4=B4]	yes			
In the following example, is A Pareto dominate over B? [A1>B1, A2<B2, A3=B3, A4=B4]	no			
SMILES vs SMARTS vs SMIRKS?	SMILES represent individual molecules, SMARTS represent substructures of molecules, SMIRKS represent reactions of SMARTS			